cluster,engine,mode,runs
0,nano,no_cache,27
0,tau,no_cache,36
1,nano,no_cache,3
1,tau,no_cache,3
2,nano,kv_cache,48
2,nano,no_cache,9
2,tau,kv_cache,48
3,nano,no_cache,3
3,tau,no_cache,3
4,nano,no_cache,3
4,tau,no_cache,3
5,nano,no_cache,3
5,tau,no_cache,3
